burnout_level,avg_academic_pressure,count
Low,5.716736601593384,766645
Medium,6.868431650153499,218275
High,7.751665711668193,15080
