burnout_level,avg_stress_level,avg_anxiety_level,avg_depression_level
Low,3.714342266345565,2.5605519385208453,0.9270176646059968
Medium,5.884788209249082,4.296466506253022,2.3308825613486635
High,7.584743635840687,5.674225384381833,3.6645110951238715
