burnout_level,avg_sleep_hours,count
Low,6.730888428276718,766645
Medium,5.794429714803001,218275
High,5.088336975235962,15080
