burnout_level,avg_academic_pressure,count
Low,5.716736601593331,766645
Medium,6.868431650153459,218275
High,7.751665711668204,15080
