burnout_level,avg_sleep_hours,count
Low,6.730888428276751,766645
Medium,5.7944297148030035,218275
High,5.088336975235967,15080
