burnout_level,avg_sleep_hours,count
Low,6.730888428276793,766645
Medium,5.7944297148030355,218275
High,5.088336975235965,15080
